ec2-ap-northeast-1,eve.ee.ntu.edu.tw,planet1.jaist.ac.jp,planet1.pnl.nitech.ac.jp,planetlab-02.kusa.ac.jp,planetlab-js1.cert.org.cn,planetlab0.dojima.wide.ad.jp,planetlab0.otemachi.wide.ad.jp,planetlab1.dojima.wide.ad.jp,planetlab4.goto.info.waseda.ac.jp
ec2-ap-southeast-1,pl1.6test.edu.cn,planetlab-1.sjtu.edu.cn,planetlab-2.sjtu.edu.cn,planetlab1.ie.cuhk.edu.hk,planetlab3.comp.nus.edu.sg
ec2-ap-southeast-2,pl1.eng.monash.edu.au,pl2.eng.monash.edu.au,planetlab-1.cs.auckland.ac.nz,planetlab-n1.wand.net.nz,planetlab-n2.wand.net.nz,planetlab1.aut.ac.nz,planetlab1.cs.otago.ac.nz,planetlab1.ecs.vuw.ac.nz,planetlab2.aut.ac.nz,planetlab2.ecs.vuw.ac.nz
ec2-eu-central-1,aladdin.planetlab.extranet.uni-passau.de,gschembra3.diit.unict.it,gschembra4.diit.unict.it,host1.planetlab.informatik.tu-darmstadt.de,host2.planetlab.informatik.tu-darmstadt.de,host3-plb.loria.fr,iraplab1.iralab.uni-karlsruhe.de,iraplab2.iralab.uni-karlsruhe.de,mars.planetlab.haw-hamburg.de,merkur.planetlab.haw-hamburg.de,node2pl.planet-lab.telecom-lille1.eu,onelab3.info.ucl.ac.be,pl1.uni-rostock.de,pl2.bell-labs.fr,plab1.cs.msu.ru,planet-lab-node1.netgroup.uniroma2.it,planet-lab-node2.netgroup.uniroma2.it,planet2.inf.tu-dresden.de,planet2.unipr.it,planetlab-1.tagus.ist.utl.pt,planetlab-13.e5.ijs.si,planetlab-2.ing.unimo.it,planetlab-2.research.netlab.hut.fi,planetlab-4.imperial.ac.uk,planetlab-node1.it-sudparis.eu,planetlab-um00.di.uminho.pt,planetlab1.cesnet.cz,planetlab1.cs.aueb.gr,planetlab1.di.fct.unl.pt,planetlab1.eecs.jacobs-university.de,planetlab1.fct.ualg.pt,planetlab1.informatik.uni-goettingen.de,planetlab1.montefiore.ulg.ac.be,planetlab1.tlm.unavarra.es,planetlab1.utt.fr,planetlab1.xeno.cl.cam.ac.uk,planetlab2.aston.ac.uk,planetlab2.ci.pwr.wroc.pl,planetlab2.cs.uoi.gr,planetlab2.di.unito.it,planetlab2.esprit-tn.com,planetlab2.fri.uni-lj.si,planetlab2.inf.ethz.ch,planetlab2.s3.kth.se,planetlab2.unineuchatel.ch,planetlab2.upm.ro,planetlab2.urv.cat,planetlab2.utt.fr,planetlab2.xeno.cl.cam.ac.uk,planetlab3.inf.ethz.ch,planetlab3.informatik.uni-erlangen.de,planetlab3.mini.pw.edu.pl,planetlab4.mini.pw.edu.pl,planetvs2.informatik.uni-stuttgart.de,ple2.cesnet.cz,plewifi.ipv6.lip6.fr
ec2-sa-east-1,planet-lab1.itba.edu.ar,planet-lab2.itba.edu.ar,planetlab1.pop-rs.rnp.br,planetlab2.c3sl.ufpr.br,planetlab2.pop-mg.rnp.br,planetlab2.pop-pa.rnp.br
ec2-us-east-1,ebb.colgate.edu,jupiter.planetlab.carleton.ca,lefthand.eecs.harvard.edu,mtuplanetlab1.cs.mtu.edu,mtuplanetlab2.cs.mtu.edu,node1.planetlab.mathcs.emory.edu,node2.planetlab.mathcs.emory.edu,pl1.csl.utoronto.ca,pl1.rcc.uottawa.ca,pl1.ucs.indiana.edu,pl2.cs.yale.edu,pl2.csl.utoronto.ca,pl2.rcc.uottawa.ca,pl2.ucs.indiana.edu,planet-lab1.uba.ar,planet-lab4.uba.ar,planet1.cs.rochester.edu,planetlab-02.bu.edu,planetlab-03.cs.princeton.edu,planetlab-04.vt.nodes.planet-lab.org,planetlab-1.cs.uic.edu,planetlab-1.cse.ohio-state.edu,planetlab-4.eecs.cwru.edu,planetlab1.cs.du.edu,planetlab1.cs.okstate.edu,planetlab1.cs.purdue.edu,planetlab1.cs.uml.edu,planetlab1.cs.unc.edu,planetlab1.csee.usf.edu,planetlab1.cti.espol.edu.ec,planetlab1.rutgers.edu,planetlab1.temple.edu,planetlab2.citadel.edu,planetlab2.cs.du.edu,planetlab2.cs.okstate.edu,planetlab2.cs.purdue.edu,planetlab2.cs.uml.edu,planetlab2.cs.unc.edu,planetlab2.dtc.umn.edu,planetlab2.netlab.uky.edu,planetlab2.rutgers.edu,planetlab2.temple.edu,planetlab2.tsuniv.edu,planetlab2.unl.edu,planetlab3.wail.wisc.edu,planetlab4.wail.wisc.edu,planetlab5.csee.usf.edu,planetlabone.ccs.neu.edu,plgmu2.ite.gmu.edu,plink.cs.uwaterloo.ca,plonk.cs.uwaterloo.ca,pluto.cs.brown.edu,roam1.cs.ou.edu,salt.planetlab.cs.umd.edu,saturn.planetlab.carleton.ca
ec2-us-west-1,pl1.pku.edu.cn,pl2.pku.edu.cn,planetlab-1.sysu.edu.cn,planetlab-2.calpoly-netlab.net,planetlab1.cs.ucla.edu,planetlab1.unl.edu,planetlab1.unr.edu,planetlab2.cs.ucla.edu,planetlab2.utdallas.edu,pln.zju.edu.cn,ttu1-1.nodes.planet-lab.org
ec2-us-west-2,pl1.cs.montana.edu,planetlab01.cs.washington.edu,planetlab02.cs.washington.edu,planetlab2.cs.ubc.ca,planetlab2.cs.uoregon.edu,planetlab3.cs.uoregon.edu,planetlab4.cs.uoregon.edu
